{
  "project_info": {
    "project_number": "667060106544",
    "firebase_url": "https://fir-crud-191a5-default-rtdb.asia-southeast1.firebasedatabase.app",
    "project_id": "fir-crud-191a5",
    "storage_bucket": "fir-crud-191a5.appspot.com"
  },
  "client": [
    {
      "client_info": {
        "mobilesdk_app_id": "1:667060106544:android:6faf2c3903e0f9289d04f5",
        "android_client_info": {
          "package_name": "com.ninda.crudfirebase"
        }
      },
      "oauth_client": [],
      "api_key": [
        {
          "current_key": "AIzaSyBhFZytE6dIVpCOGHRz70c3lxXuu2sH5FA"
        }
      ],
      "services": {
        "appinvite_service": {
          "other_platform_oauth_client": []
        }
      }
    }
  ],
  "configuration_version": "1"
}